roster_id,owner_id,player_id
1,578768480367579136,10222
1,578768480367579136,11562
1,578768480367579136,12467
1,578768480367579136,12509
1,578768480367579136,12518
1,578768480367579136,12520
1,578768480367579136,12524
1,578768480367579136,12527
1,578768480367579136,12531
1,578768480367579136,12543
1,578768480367579136,1479
1,578768480367579136,3214
1,578768480367579136,4098
1,578768480367579136,4988
1,578768480367579136,5012
1,578768480367579136,5849
1,578768480367579136,5892
1,578768480367579136,6783
1,578768480367579136,6797
1,578768480367579136,7525
1,578768480367579136,7564
1,578768480367579136,96
1,578768480367579136,9997
2,1066209721457221632,12508
2,1066209721457221632,12511
2,1066209721457221632,2216
2,1066209721457221632,3357
2,1066209721457221632,4046
2,1066209721457221632,4663
2,1066209721457221632,4666
2,1066209721457221632,5010
2,1066209721457221632,5872
2,1066209721457221632,6149
2,1066209721457221632,6786
2,1066209721457221632,6806
2,1066209721457221632,6828
2,1066209721457221632,6945
2,1066209721457221632,7042
2,1066209721457221632,7567
2,1066209721457221632,8112
2,1066209721457221632,8131
2,1066209721457221632,8183
2,1066209721457221632,9226
2,1066209721457221632,BUF
2,1066209721457221632,DET
3,995260913026412544,10219
3,995260913026412544,11575
3,995260913026412544,11604
3,995260913026412544,11625
3,995260913026412544,11655
3,995260913026412544,12476
3,995260913026412544,12478
3,995260913026412544,12483
3,995260913026412544,12501
3,995260913026412544,3294
3,995260913026412544,4018
3,995260913026412544,4195
3,995260913026412544,4943
3,995260913026412544,4983
3,995260913026412544,5185
3,995260913026412544,5995
3,995260913026412544,6768
3,995260913026412544,6794
3,995260913026412544,6826
3,995260913026412544,7588
3,995260913026412544,8151
3,995260913026412544,9999
3,995260913026412544,SF
4,1066253696012541952,11581
4,1066253696012541952,11589
4,1066253696012541952,11638
4,1066253696012541952,12471
4,1066253696012541952,12495
4,1066253696012541952,12504
4,1066253696012541952,12526
4,1066253696012541952,12711
4,1066253696012541952,4039
4,1066253696012541952,421
4,1066253696012541952,5001
4,1066253696012541952,5870
4,1066253696012541952,5927
4,1066253696012541952,6770
4,1066253696012541952,6813
4,1066253696012541952,7547
4,1066253696012541952,8130
4,1066253696012541952,8138
4,1066253696012541952,8144
4,1066253696012541952,9228
4,1066253696012541952,9508
4,1066253696012541952,9754
4,1066253696012541952,HOU
5,1066257314056929280,11565
5,1066257314056929280,11584
5,1066257314056929280,11628
5,1066257314056929280,11635
5,1066257314056929280,12484
5,1066257314056929280,12497
5,1066257314056929280,12510
5,1066257314056929280,12514
5,1066257314056929280,12521
5,1066257314056929280,1373
5,1066257314056929280,2449
5,1066257314056929280,4033
5,1066257314056929280,4144
5,1066257314056929280,5045
5,1066257314056929280,5096
5,1066257314056929280,5119
5,1066257314056929280,7523
5,1066257314056929280,7543
5,1066257314056929280,7670
5,1066257314056929280,7828
5,1066257314056929280,8150
5,1066257314056929280,9500
5,1066257314056929280,BAL
6,1066259841536122880,10226
6,1066259841536122880,11559
6,1066259841536122880,11620
6,1066259841536122880,11624
6,1066259841536122880,11643
6,1066259841536122880,12486
6,1066259841536122880,12505
6,1066259841536122880,12517
6,1066259841536122880,12533
6,1066259841536122880,12535
6,1066259841536122880,4984
6,1066259841536122880,5022
6,1066259841536122880,5859
6,1066259841536122880,5967
6,1066259841536122880,6130
6,1066259841536122880,6790
6,1066259841536122880,6801
6,1066259841536122880,7090
6,1066259841536122880,8259
6,1066259841536122880,8676
6,1066259841536122880,9221
6,1066259841536122880,9480
6,1066259841536122880,9502
6,1066259841536122880,MIN
7,1073697126338650112,11564
7,1073697126338650112,11579
7,1073697126338650112,11596
7,1073697126338650112,11618
7,1073697126338650112,11637
7,1073697126338650112,11646
7,1073697126338650112,11651
7,1073697126338650112,12457
7,1073697126338650112,12492
7,1073697126338650112,12498
7,1073697126338650112,1466
7,1073697126338650112,3163
7,1073697126338650112,3678
7,1073697126338650112,4034
7,1073697126338650112,4137
7,1073697126338650112,5848
7,1073697126338650112,7021
7,1073697126338650112,7569
7,1073697126338650112,8146
7,1073697126338650112,9493
7,1073697126338650112,9509
7,1073697126338650112,9757
7,1073697126338650112,CIN
8,1074194004234833920,10232
8,1074194004234833920,10444
8,1074194004234833920,11539
8,1074194004234833920,11563
8,1074194004234833920,11626
8,1074194004234833920,12474
8,1074194004234833920,12482
8,1074194004234833920,12489
8,1074194004234833920,12507
8,1074194004234833920,12519
8,1074194004234833920,12547
8,1074194004234833920,2505
8,1074194004234833920,4066
8,1074194004234833920,5844
8,1074194004234833920,6904
8,1074194004234833920,7594
8,1074194004234833920,8132
8,1074194004234833920,8136
8,1074194004234833920,9229
8,1074194004234833920,9494
8,1074194004234833920,9753
8,1074194004234833920,9756
8,1074194004234833920,DEN
9,1075666429111898112,10236
9,1075666429111898112,11557
9,1075666429111898112,11560
9,1075666429111898112,11569
9,1075666429111898112,11576
9,1075666429111898112,11632
9,1075666429111898112,12469
9,1075666429111898112,12481
9,1075666429111898112,12500
9,1075666429111898112,12522
9,1075666429111898112,12534
9,1075666429111898112,1339
9,1075666429111898112,4037
9,1075666429111898112,5095
9,1075666429111898112,6803
9,1075666429111898112,7528
9,1075666429111898112,8110
9,1075666429111898112,8134
9,1075666429111898112,8228
9,1075666429111898112,8408
9,1075666429111898112,9225
9,1075666429111898112,9488
9,1075666429111898112,WAS
10,1080288465222184960,11533
10,1080288465222184960,11566
10,1080288465222184960,12499
10,1080288465222184960,12512
10,1080288465222184960,1426
10,1080288465222184960,2133
10,1080288465222184960,3321
10,1080288465222184960,4035
10,1080288465222184960,4217
10,1080288465222184960,4993
10,1080288465222184960,5947
10,1080288465222184960,7571
10,1080288465222184960,7591
10,1080288465222184960,8154
10,1080288465222184960,8167
10,1080288465222184960,8205
10,1080288465222184960,9224
10,1080288465222184960,9758
10,1080288465222184960,KC
10,1080288465222184960,PHI
11,1080508704300040192,10213
11,1080508704300040192,11631
11,1080508704300040192,12487
11,1080508704300040192,12490
11,1080508704300040192,12530
11,1080508704300040192,19
11,1080508704300040192,4881
11,1080508704300040192,5846
11,1080508704300040192,6650
11,1080508704300040192,6819
11,1080508704300040192,7049
11,1080508704300040192,7526
11,1080508704300040192,7553
11,1080508704300040192,7611
11,1080508704300040192,8111
11,1080508704300040192,8148
11,1080508704300040192,8155
11,1080508704300040192,9484
11,1080508704300040192,GB
11,1080508704300040192,TB
12,1078178817652387840,10229
12,1078178817652387840,10859
12,1078178817652387840,11583
12,1078178817652387840,11630
12,1078178817652387840,1234
12,1078178817652387840,12506
12,1078178817652387840,12529
12,1078178817652387840,12536
12,1078178817652387840,12545
12,1078178817652387840,1689
12,1078178817652387840,1945
12,1078178817652387840,2309
12,1078178817652387840,3198
12,1078178817652387840,4199
12,1078178817652387840,4227
12,1078178817652387840,4866
12,1078178817652387840,4892
12,1078178817652387840,4981
12,1078178817652387840,5850
12,1078178817652387840,6804
12,1078178817652387840,7600
12,1078178817652387840,8126
12,1078178817652387840,8137
12,1078178817652387840,PIT
