owner_id,roster_id,display_name
578768480367579100,1,joeburrowmvp
1066209721457221600,2,SFOControl
995260913026412500,3,lukestip
1066253696012542e3,4,caskinner
1066257314056929300,5,ngernenz
1066259841536122900,6,jzeigboi
1073697126338650100,7,DepressedBroncosFan
1074194004234833900,8,lucasbell21
1075666429111898100,9,Arvs
1080288465222185e3,10,Gretsch0401
1080508704300040200,11,akondratieff
1078178817652387800,12,TheJandyStock
